Date,Average
2022-10-17,10633.14
2022-10-14,10537.75
2022-10-13,10393.27
2022-10-12,10433.37
2022-10-11,10480.41
2022-10-10,10559.485
2022-10-07,10750.225
2022-10-06,11140.855
2022-10-05,11060.54
2022-10-04,11117
2022-10-03,10726.675
2022-09-30,10727.685
2022-09-29,10761.345
2022-09-28,10938.92
2022-09-27,10891
2022-09-26,10906.525
2022-09-23,10845.505
2022-09-22,11114.205
2022-09-21,11416.28
2022-09-20,11432.355
2022-09-19,11437.98
2022-09-16,11388.675
2022-09-15,11628.92
2022-09-14,11674.795
2022-09-13,11781.2
2022-09-12,12219.735
2022-09-09,12045.64
2022-09-08,11778.63
2022-09-07,11687.075
2022-09-06,11575.465
2022-09-02,11759.71
2022-09-01,11672.445
2022-08-31,11920.8
2022-08-30,11945.935
2022-08-29,12053.145
2022-08-26,12398.68
2022-08-25,12556.62
2022-08-24,12427.245
2022-08-23,12421.44
2022-08-22,12446.14
2022-08-19,12766.94
2022-08-18,12938.075
2022-08-17,12958.26
2022-08-16,13080.165
2022-08-15,13069.92
2022-08-12,12934.205
2022-08-11,12893.165
2022-08-10,12780.025
2022-08-09,12510.885
2022-08-08,12726.45
2022-08-05,12623.105
2022-08-04,12668.485
2022-08-03,12562.425
2022-08-02,12381.91
2022-08-01,12385.85
2022-07-29,12303.695
2022-07-28,12032.88
2022-07-27,11900.055
2022-07-26,11622.34
2022-07-25,11781.32
2022-07-22,11930.105
2022-07-21,11936.655
2022-07-20,11821.66
2022-07-19,11585.095
2022-07-18,11475.935
2022-07-15,11375.01
2022-07-14,11142.95
2022-07-13,11178.47
2022-07-12,11345.125
2022-07-11,11444.58
2022-07-08,11584.735
2022-07-07,11528.675
2022-07-06,11346.735
2022-07-05,11117.67
2022-07-01,11027.63
2022-06-30,11005.465
2022-06-29,11149.26
2022-06-28,11406.765
2022-06-27,11582.28
2022-06-24,11475.505
2022-06-23,11153.275
2022-06-22,11077.415
2022-06-21,11069.52
2022-06-17,10761.715
2022-06-16,10698.105
2022-06-15,11055.325
2022-06-14,10829.925
2022-06-13,10923.31
2022-06-10,11448.71
2022-06-09,11933.52
2022-06-08,12144.24
2022-06-07,12041.735
2022-06-06,12124.8
2022-06-03,12067.03
2022-06-02,12110.785
2022-06-01,12069.685
2022-05-31,12066.29
2022-05-27,11994.24
2022-05-26,11601.565
2022-05-25,11361.875
2022-05-24,11222.045
2022-05-23,11428.315
2022-05-20,11293.95
2022-05-19,11438.065
2022-05-18,11603.955
2022-05-17,11871.355
2022-05-16,11716.06
2022-05-13,11683.485
2022-05-12,11328.045
2022-05-11,11591.845
2022-05-10,11755.61
2022-05-09,11782.775
2022-05-06,12174.285
2022-05-05,12485.54
2022-05-04,12676.015
2022-05-03,12553.41
2022-05-02,12372.475
2022-04-29,12588.785
2022-04-28,12718.19
2022-04-27,12567.345
2022-04-26,12704.39
2022-04-25,12867.02
2022-04-22,13020.31
2022-04-21,13425.76
2022-04-20,13552.335
2022-04-19,13462.595
2022-04-18,13318.15
2022-04-14,13504.075
2022-04-13,13516.545
2022-04-12,13501.845
2022-04-11,13493.235
2022-04-08,13779.875
2022-04-07,13833.74
2022-04-06,13910.87
2022-04-05,14334.705
2022-04-04,14410.415
2022-04-01,14219.375
2022-03-31,14337.23
2022-03-30,14496.35
2022-03-29,14533.15
2022-03-28,14228.67
2022-03-25,14114.775
2022-03-24,14045.375
2022-03-23,14036.895
2022-03-22,13999.18
2022-03-21,13814.175
2022-03-18,13713.67
2022-03-17,13468.97
2022-03-16,13216.16
2022-03-15,12795.235
2022-03-14,12736.68
2022-03-11,13034.86
2022-03-10,13054.89
2022-03-09,13170.475
2022-03-08,12914.76
2022-03-07,13090.65
2022-03-04,13355.845
2022-03-03,13655.115
2022-03-02,13645.225
2022-03-01,13609.18
2022-02-28,13680.27
2022-02-25,13527.575
2022-02-24,13036.995
2022-02-23,13282.975
2022-02-22,13434.185
2022-02-18,13613.98
2022-02-17,13862.76
2022-02-16,14047.86
2022-02-15,14059.39
2022-02-14,13793.235
2022-02-11,13989.93
2022-02-10,14313.88
2022-02-09,14410.795
2022-02-08,14080.63
2022-02-07,14105.205
2022-02-04,14036.575
2022-02-03,14029.81
2022-02-02,14384.735
2022-02-01,14214.73
2022-01-31,14005.305
2022-01-28,13504.235
2022-01-27,13544.285
2022-01-26,13697.42
2022-01-25,13597.88
2022-01-24,13485.63
2022-01-21,13967.98
2022-01-20,14391.405
2022-01-19,14495.27
2022-01-18,14611.74
2022-01-14,14793.555
2022-01-13,15020.975
2022-01-12,15218.16
2022-01-11,14998.17
2022-01-10,14742.04
2022-01-07,15024.325
2022-01-06,15056.66
2022-01-05,15340.74
2022-01-04,15682.275
2022-01-03,15738.445
2021-12-31,15710.68
2021-12-30,15798.625
2021-12-29,15750.83
2021-12-28,15829.27
2021-12-27,15784.115
2021-12-23,15613.445
2021-12-22,15414.515
2021-12-21,15182.045
2021-12-20,14933.67
2021-12-17,15124.575
2021-12-16,15376.34
2021-12-15,15315.495
2021-12-14,15207.45
2021-12-13,15522.655
2021-12-10,15577.725
2021-12-09,15653.585
2021-12-08,15705.76
2021-12-07,15613.875
2021-12-06,15106.8
2021-12-03,15200.71
2021-12-02,15297.33
2021-12-01,15530.375
2021-11-30,15639.795
2021-11-29,15738.86
2021-11-26,15593.815
2021-11-24,15719.96
2021-11-23,15748.66
2021-11-22,16031.635
2021-11-19,16069.175
2021-11-18,15929.855
2021-11-17,15953.98
2021-11-16,15907.305
2021-11-15,15848.38
2021-11-12,15789.975
2021-11-11,15731.9
2021-11-10,15705.46
2021-11-09,15935.945
2021-11-08,16000.02
2021-11-05,15977.085
2021-11-04,15896.875
2021-11-03,15719.005
2021-11-02,15612.935
2021-11-01,15534.885
2021-10-29,15413.705
2021-10-28,15371.305
2021-10-27,15300.19
2021-10-26,15291.115
2021-10-25,15165.19
2021-10-22,15107.015
2021-10-21,15158.195
2021-10-20,15124.77
2021-10-19,15093.79
2021-10-18,14929.98
2021-10-15,14876.47
2021-10-14,14763.54
2021-10-13,14530.575
2021-10-12,14497.155
2021-10-11,14574.3
2021-10-08,14634.795
2021-10-07,14685.43
2021-10-06,14384.31
2021-10-05,14404.215
2021-10-04,14340.715
2021-10-01,14465.415
2021-09-30,14538.33
2021-09-29,14585.145
2021-09-28,14678.81
2021-09-27,14934.06
2021-09-24,15007.065
2021-09-23,15008.975
2021-09-22,14858.565
2021-09-21,14771.75
2021-09-20,14685.945
2021-09-17,15082.645
2021-09-16,15126.32
2021-09-15,15079.53
2021-09-14,15094.745
2021-09-13,15123.145
2021-09-10,15230.39
2021-09-09,15298.775
2021-09-08,15283.48
2021-09-07,15373.36
2021-09-03,15329.615
2021-09-02,15332.71
2021-09-01,15340.805
2021-08-31,15240.815
2021-08-30,15226.6
2021-08-27,15055.5
2021-08-26,14999.595
2021-08-25,15035.505
2021-08-24,15000.215
2021-08-23,14870.225
2021-08-20,14646.845
2021-08-19,14516.96
2021-08-18,14606.775
2021-08-17,14633.915
2021-08-16,14702.35
2021-08-13,14823.915
2021-08-12,14761.625
2021-08-11,14767.455
2021-08-10,14824.545
2021-08-09,14843.25
2021-08-06,14839.385
2021-08-05,14836.25
2021-08-04,14773.245
2021-08-03,14673.345
2021-08-02,14718.04
2021-07-30,14672.315
2021-07-29,14797.56
2021-07-28,14722.255
2021-07-27,14657.42
2021-07-26,14827.07
2021-07-23,14772.415
2021-07-22,14656.03
2021-07-21,14565.895
2021-07-20,14413.49
2021-07-19,14246.13
2021-07-16,14518.17
2021-07-15,14551.085
2021-07-14,14711.75
2021-07-13,14731.935
2021-07-12,14716.855
2021-07-09,14631.23
2021-07-08,14490.825
2021-07-07,14668.06
2021-07-06,14608.4
2021-07-02,14602.225
2021-07-01,14486.475
2021-06-30,14502.435
2021-06-29,14503.675
2021-06-28,14461.195
2021-06-25,14373.365
2021-06-24,14374.08
2021-06-23,14281.98
2021-06-22,14195.385
2021-06-21,14055.41
2021-06-18,14069.13
2021-06-17,14097.57
2021-06-16,14016.71
2021-06-15,14111.59
2021-06-14,14116.06
2021-06-11,14038.005
2021-06-10,13967.795
2021-06-09,13954.975
2021-06-08,13906.85
2021-06-07,13837
2021-06-04,13759.415
2021-06-03,13616.53
2021-06-02,13732.815
2021-06-01,13757.47
2021-05-28,13784.24
2021-05-27,13739.075
2021-05-26,13714.875
2021-05-25,13691.47
2021-05-24,13629.93
2021-05-21,13539.92
2021-05-20,13459.615
2021-05-19,13188.42
2021-05-18,13392.635
2021-05-17,13332.285
2021-05-14,13351.925
2021-05-13,13127.555
2021-05-12,13145.575
2021-05-11,13265.49
2021-05-10,13544.835
2021-05-07,13759.685
2021-05-06,13537.56
2021-05-05,13653.49
2021-05-04,13640.58
2021-05-03,13961.815
2021-04-30,14013.195
2021-04-29,14082.185
2021-04-28,14084.175
2021-04-27,14117.76
2021-04-26,14086.765
2021-04-23,13959.785
2021-04-22,13893.455
2021-04-21,13829.105
2021-04-20,13813.17
2021-04-19,13942.18
2021-04-16,14019.775
2021-04-15,14009.775
2021-04-14,13936.335
2021-04-13,13956.98
2021-04-12,13830.475
2021-04-09,13826.88
2021-04-08,13794.425
2021-04-07,13693.31
2021-04-06,13725.495
2021-04-05,13651.67
2021-04-01,13445.63
2021-03-31,13221.96
2021-03-30,12999.16
2021-03-29,13055.785
2021-03-26,13014.135
2021-03-25,12904.335
2021-03-24,13127.135
2021-03-23,13303.785
2021-03-22,13367.21
2021-03-19,13145.91
2021-03-18,13243.19
2021-03-17,13433.845
2021-03-16,13508.895
2021-03-15,13366.425
2021-03-12,13241.705
2021-03-11,13339.975
2021-03-10,13156.275
2021-03-09,13017.015
2021-03-08,12800.115
2021-03-05,12669.13
2021-03-04,12811.335
2021-03-03,13183.795
2021-03-02,13476.665
2021-03-01,13479.625
2021-02-26,13196.295
2021-02-25,13334.62
2021-02-24,13446.975
2021-02-23,13265.035
2021-02-22,13644.01
2021-02-19,13914.09
2021-02-18,13810.155
2021-02-17,13890.345
2021-02-16,14085.28
2021-02-12,14019.875
2021-02-11,13987.88
2021-02-10,13977.295
2021-02-09,14005.75
2021-02-08,13940.945
2021-02-05,13819.91
2021-02-04,13705.02
2021-02-03,13654.585
2021-02-02,13594.275
2021-02-01,13281.965
2021-01-29,13153.525
2021-01-28,13412.08
2021-01-27,13365.665
2021-01-26,13652.94
2021-01-25,13548.83
2021-01-22,13515.4
2021-01-21,13507.21
2021-01-20,13407.95
2021-01-19,13142.78
2021-01-15,13044.795
2021-01-14,13159.285
2021-01-13,13111.105
2021-01-12,13034.48
2021-01-11,13068.89
2021-01-08,13122.32
2021-01-07,12979.125
2021-01-06,12779.81
2021-01-05,12746.96
2021-01-04,12750.98
2020-12-31,12861.65
2020-12-30,12891.345
2020-12-29,12897.645
2020-12-28,12879.17
2020-12-24,12800.595
2020-12-23,12800.295
2020-12-22,12767.94
2020-12-21,12638.245
2020-12-18,12732.1
2020-12-17,12730.8
2020-12-16,12626.85
2020-12-15,12530.775
2020-12-14,12487.855
2020-12-11,12315.135
2020-12-10,12323.15
2020-12-09,12448.96
2020-12-08,12523.875
2020-12-07,12498.39
2020-12-04,12420.335
2020-12-03,12398.005
2020-12-02,12288.705
2020-12-01,12334.86
2020-11-30,12135.905
2020-11-27,12195.4
2020-11-25,12067.86
2020-11-24,11956.665
2020-11-23,11872.93
2020-11-20,11893.99
2020-11-19,11836.805
2020-11-18,11871.225
2020-11-17,11901.295
2020-11-16,11876.305
2020-11-13,11782.655
2020-11-12,11757.105
2020-11-11,11716.235
2020-11-10,11545.24
2020-11-09,11905.78
2020-11-06,11828.835
2020-11-05,11854.215
2020-11-04,11528.76
2020-11-03,11109.38
2020-11-02,10951.015
2020-10-30,10976.19
2020-10-29,11158.91
2020-10-28,11124.51
2020-10-27,11413.46
2020-10-26,11383.345
2020-10-23,11491.855
2020-10-22,11459.03
2020-10-21,11544.935
2020-10-20,11552.06
2020-10-19,11616.34
2020-10-16,11737.975
2020-10-15,11649.89
2020-10-14,11827.135
2020-10-13,11884.405
2020-10-12,11834.835
2020-10-09,11528.945
2020-10-08,11416.28
2020-10-07,11319.455
2020-10-06,11258.43
2020-10-05,11248.865
2020-10-02,11139.28
2020-10-01,11292.33
2020-09-30,11185.43
2020-09-29,11109.43
2020-09-28,11069.965
2020-09-25,10789.765
2020-09-24,10659.885
2020-09-23,10787.47
2020-09-22,10858.585
2020-09-21,10651.115
2020-09-18,10808.815
2020-09-17,10879.13
2020-09-16,11145.925
2020-09-15,11186.22
2020-09-14,11050.275
2020-09-11,10880.535
2020-09-10,11087.275
2020-09-09,11094.07
2020-09-08,10984.35
2020-09-04,11203.525
2020-09-03,11627.88
2020-09-02,11955.12
2020-09-01,11870.25
2020-08-31,11763.625
2020-08-28,11671.77
2020-08-27,11640.51
2020-08-26,11589.755
2020-08-25,11405.65
2020-08-24,11379.79
2020-08-21,11285.825
2020-08-20,11186.825
2020-08-19,11194.76
2020-08-18,11167.22
2020-08-17,11112.415
2020-08-14,11015.25
2020-08-13,11066.175
2020-08-12,10956.94
2020-08-11,10876.065
2020-08-10,10944.85
2020-08-07,11023.205
2020-08-06,11042.3
2020-08-05,10972.915
2020-08-04,10897.405
2020-08-03,10879.355
2020-07-31,10652.75
2020-07-30,10510.84
2020-07-29,10515.955
2020-07-28,10460.755
2020-07-27,10473.15
2020-07-24,10318.03
2020-07-23,10567.995
2020-07-22,10686.385
2020-07-21,10745.195
2020-07-20,10635.92
2020-07-17,10476.915
2020-07-16,10432.09
2020-07-15,10512.605
2020-07-14,10340.145
2020-07-13,10596.41
2020-07-10,10534.68
2020-07-09,10479.005
2020-07-08,10422.795
2020-07-07,10428.48
2020-07-06,10408.515
2020-07-02,10252.21
2020-07-01,10122.615
2020-06-30,9974.63
2020-06-29,9770.475
2020-06-26,9874.87
2020-06-25,9916.875
2020-06-24,9989.86
2020-06-23,10167.145
2020-06-22,9988.105
2020-06-19,9963.425
2020-06-18,9922.43
2020-06-17,9941.51
2020-06-16,9856.005
2020-06-15,9579.535
2020-06-12,9591.13
2020-06-11,9679.69
2020-06-10,10024.735
2020-06-09,9932.885
2020-06-08,9853.87
2020-06-05,9765.52
2020-06-04,9638.275
2020-06-03,9667.48
2020-06-02,9541.65
2020-06-01,9516.8
2020-05-29,9415.14
2020-05-28,9434.46
2020-05-27,9279.45
2020-05-26,9417.185
2020-05-22,9283.845
2020-05-21,9330.05
2020-05-20,9348.51
2020-05-19,9250.25
2020-05-18,9210.785
2020-05-15,8919.89
2020-05-14,8825.48
2020-05-13,8913.42
2020-05-12,9125.51
2020-05-11,9147.545
2020-05-08,9072.095
2020-05-07,8974.42
2020-05-06,8876.31
2020-05-05,8845.635
2020-05-04,8626.825
2020-05-01,8660.65
2020-04-30,8875.97
2020-04-29,8861.135
2020-04-28,8715.635
2020-04-27,8725.97
2020-04-24,8553.675
2020-04-23,8555.21
2020-04-22,8470.925
2020-04-21,8347.99
2020-04-20,8619.14
2020-04-17,8600.995
2020-04-16,8476.715
2020-04-15,8386.725
2020-04-14,8434.6
2020-04-13,8118.195
2020-04-09,8150.115
2020-04-08,8008.185
2020-04-07,8013.825
2020-04-06,7778.06
2020-04-03,7403.415
2020-04-02,7404.825
2020-04-01,7434.175
2020-03-31,7761.585
2020-03-30,7662.16
2020-03-27,7603.685
2020-03-26,7636.015
2020-03-25,7473.805
2020-03-24,7294.115
2020-03-23,6808.18
2020-03-20,7104.555
2020-03-19,7099.88
2020-03-18,6934.595
2020-03-17,7117.57
2020-03-16,7152.53
2020-03-13,7547.51
2020-03-12,7453.5
2020-03-11,8016.155
2020-03-10,8138.915
2020-03-09,8093.235
2020-03-06,8493.745
2020-03-05,8799.235
2020-03-04,8888.81
2020-03-03,8836.605
2020-03-02,8748.08
2020-02-28,8427.99
2020-02-27,8733.08
2020-02-26,9038.06
2020-02-25,9127.875
2020-02-24,9244.445
2020-02-21,9629.14
2020-02-20,9728.9
2020-02-19,9807.735
2020-02-18,9711.74
2020-02-14,9719.705
2020-02-13,9699.17
2020-02-12,9697.725
2020-02-11,9665.975
2020-02-10,9561.145
2020-02-07,9533.31
2020-02-06,9540.67
2020-02-05,9514.935
2020-02-04,9429.715
2020-02-03,9244.2
2020-01-31,9224.01
2020-01-30,9244.09
2020-01-29,9289.075
2020-01-28,9235.6
2020-01-27,9136.745
2020-01-24,9362.33
2020-01-23,9371.665
2020-01-22,9407.21
2020-01-21,9373.89
2020-01-17,9370.145
2020-01-16,9329.62
2020-01-15,9264.98
2020-01-14,9262.41
2020-01-13,9233.775
2020-01-10,9199.93
2020-01-09,9187.225
2020-01-08,9114.135
2020-01-07,9067.24
2020-01-06,9007.955
2020-01-03,9021.095
2020-01-02,9052.16
2019-12-31,8944.06
2019-12-30,8957.775
2019-12-27,9019.66
2019-12-26,8995.455
2019-12-24,8945.74
2019-12-23,8945.595
2019-12-20,8916.89
2019-12-19,8863.55
2019-12-18,8834.59
2019-12-17,8818.295
2019-12-16,8811.61
2019-12-13,8733.225
2019-12-12,8689.71
2019-12-11,8640.415
2019-12-10,8625.79
2019-12-09,8649.31
2019-12-06,8648.005
2019-12-05,8565.405
2019-12-04,8568.63
2019-12-03,8479.69
2019-12-02,8606.5
2019-11-29,8680.68
2019-11-27,8684.245
2019-11-26,8642.675
2019-11-25,8596.4
2019-11-22,8506.475
2019-11-21,8509.01
2019-11-20,8523.45
2019-11-19,8563.245
2019-11-18,8531.7
2019-11-15,8523.815
2019-11-14,8463.47
2019-11-13,8474.12
2019-11-12,8488.915
2019-11-11,8446.385
2019-11-08,8440.73
2019-11-07,8449.515
2019-11-06,8402.95
2019-11-05,8439.22
2019-11-04,8436.335
2019-11-01,8356.655
2019-10-31,8285.305
2019-10-30,8278.6
2019-10-29,8297.215
2019-10-28,8310.415
2019-10-25,8200.28
2019-10-24,8162.75
2019-10-23,8100.615
2019-10-22,8148.3
2019-10-21,8140.7
2019-10-18,8101.365
2019-10-17,8157.445
2019-10-16,8124.765
2019-10-15,8118.995
2019-10-14,8053.13
2019-10-11,8081.3
2019-10-10,7941.325
2019-10-09,7902.22
2019-10-08,7872.805
2019-10-07,7977.695
2019-10-04,7943.005
2019-10-03,7786.13
2019-10-02,7798.83
2019-10-01,7984.395
2019-09-30,7980.895
2019-09-27,7971.055
2019-09-26,8031.565
2019-09-25,8015.285
2019-09-24,8064.24
2019-09-23,8110.575
2019-09-20,8144.49
2019-09-19,8205.875
2019-09-18,8133.045
2019-09-17,8164.025
2019-09-16,8143.29
2019-09-13,8187.835
2019-09-12,8210.265
2019-09-11,8125.62
2019-09-10,8044.105
2019-09-09,8092
2019-09-06,8116.455
2019-09-05,8097.855
2019-09-04,7955.175
2019-09-03,7893.845
2019-08-30,7966.325
2019-08-29,7959.06
2019-08-28,7816.77
2019-08-27,7856.005
2019-08-26,7822.545
2019-08-23,7868.055
2019-08-22,7992.85
2019-08-21,8017.72
2019-08-20,7979.335
2019-08-19,8000.555
2019-08-16,7867.935
2019-08-15,7761.24
2019-08-14,7831.575
2019-08-13,7958.41
2019-08-12,7879.39
2019-08-09,7965.455
2019-08-08,7968.635
2019-08-07,7791.9
2019-08-06,7792.29
2019-08-05,7749.675
2019-08-02,8011.235
2019-08-01,8195.78
2019-07-31,8204.925
2019-07-30,8261.74
2019-07-29,8286.325
2019-07-26,8315.38
2019-07-25,8264.675
2019-07-24,8274.155
2019-07-23,8222.86
2019-07-22,8194.98
2019-07-19,8195.205
2019-07-18,8175.35
2019-07-17,8207.665
2019-07-16,8231.99
2019-07-15,8250.525
2019-07-12,8223.59
2019-07-11,8198.905
2019-07-10,8194.58
2019-07-09,8104.15
2019-07-08,8095.65
2019-07-05,8132.815
2019-07-03,8146.285
2019-07-02,8086.235
2019-07-01,8104.87
2019-06-28,7985.805
2019-06-27,7956.025
2019-06-26,7938.675
2019-06-25,7943.23
2019-06-24,8026.095
2019-06-21,8042.11
2019-06-20,8042.875
2019-06-19,7964.485
2019-06-18,7958.44
2019-06-17,7839.295
2019-06-14,7798.665
2019-06-13,7830.98
2019-06-12,7796.565
2019-06-11,7854.31
2019-06-10,7845.6
2019-06-07,7707.465
2019-06-06,7590.17
2019-06-05,7543.82
2019-06-04,7457.26
2019-06-03,7374.94
2019-05-31,7477.545
2019-05-30,7561.78
2019-05-29,7542.525
2019-05-28,7648.75
2019-05-24,7662.7
2019-05-23,7625.235
2019-05-22,7762.34
2019-05-21,7778.68
2019-05-20,7712.81
2019-05-17,7864.53
2019-05-16,7886.45
2019-05-15,7760.48
2019-05-14,7720.75
2019-05-13,7694.025
2019-05-10,7854.34
2019-05-09,7862.97
2019-05-08,7963.92
2019-05-07,7984.995
2019-05-06,8058.695
2019-05-03,8124.755
2019-05-02,8035.415
2019-05-01,8097.115
2019-04-30,8087.58
2019-04-29,8156.245
2019-04-26,8103.655
2019-04-25,8113.625
2019-04-24,8120.625
2019-04-23,8076.34
2019-04-22,7991.525
2019-04-18,7976.64
2019-04-17,8012.89
2019-04-16,7998.185
2019-04-15,7963.445
2019-04-12,7972.35
2019-04-11,7954.305
2019-04-10,7941.115
2019-04-09,7921.58
2019-04-08,7923.875
2019-04-05,7924.795
2019-04-04,7881.305
2019-04-03,7904.58
2019-04-02,7833.1
2019-04-01,7804.27
2019-03-29,7711.065
2019-03-28,7654.49
2019-03-27,7647.465
2019-03-26,7693.69
2019-03-25,7620.835
2019-03-22,7730.2
2019-03-21,7777.77
2019-03-20,7726.64
2019-03-19,7733.52
2019-03-18,7707.705
2019-03-15,7683.5
2019-03-14,7640.06
2019-03-13,7648.265
2019-03-12,7585.795
2019-03-11,7500.315
2019-03-08,7372.22
2019-03-07,7443.135
2019-03-06,7539.445
2019-03-05,7571.1
2019-03-04,7572.61
2019-03-01,7571.895
2019-02-28,7539.19
2019-02-27,7523.84
2019-02-26,7548.765
2019-02-25,7577.15
2019-02-22,7503.275
2019-02-21,7458.32
2019-02-20,7484.475
2019-02-19,7479.03
2019-02-15,7458.77
2019-02-14,7415.065
2019-02-13,7437.75
2019-02-12,7384.615
2019-02-11,7316.795
2019-02-08,7262.29
2019-02-07,7285.895
2019-02-06,7378.745
2019-02-05,7382.02
2019-02-04,7304.65
2019-02-01,7271.675
2019-01-31,7254.535
2019-01-30,7133.44
2019-01-29,7051.88
2019-01-28,7060.275
2019-01-25,7142.825
2019-01-24,7054.455
2019-01-23,7019.04
2019-01-22,7044.985
2019-01-18,7141
2019-01-17,7058.785
2019-01-16,7053.875
2019-01-15,6976.985
2019-01-14,6911.85
2019-01-11,6954.625
2019-01-10,6934.225
2019-01-09,6942.39
2019-01-08,6852.72
2019-01-07,6798.5
2019-01-04,6657.465
2019-01-03,6528.67
2019-01-02,6600.295
2018-12-31,6615.01
2018-12-28,6606.7
2018-12-27,6459.99
2018-12-26,6384.935
2018-12-24,6272.675
2018-12-21,6445.655
2018-12-20,6557.055
2018-12-19,6727.68
2018-12-18,6790.49
2018-12-17,6820.91
2018-12-14,6963.08
2018-12-13,7094.73
2018-12-12,7146.925
2018-12-11,7056.42
2018-12-10,6963.3
2018-12-07,7075.32
2018-12-06,7086.93
2018-12-04,7285.61
2018-12-03,7439.365
2018-11-30,7294.235
2018-11-29,7268.825
2018-11-28,7191.845
2018-11-27,7059.75
2018-11-26,7043.525
2018-11-23,6953.525
2018-11-21,6990.77
2018-11-20,6912.755
2018-11-19,7117.76
2018-11-16,7223.28
2018-11-15,7173.31
2018-11-14,7193.37
2018-11-13,7250.99
2018-11-12,7282.43
2018-11-09,7411.91
2018-11-08,7533.32
2018-11-07,7504.4
2018-11-06,7360.765
2018-11-05,7302.555
2018-11-02,7382.605
2018-11-01,7361.19
2018-10-31,7319.56
2018-10-30,7084.16
2018-10-29,7109.22
2018-10-26,7170.16
2018-10-25,7271.68
2018-10-24,7267.345
2018-10-23,7366.355
2018-10-22,7472.64
2018-10-19,7505.595
2018-10-18,7534.66
2018-10-17,7616.79
2018-10-16,7575.79
2018-10-15,7450.5
2018-10-12,7442.51
2018-10-11,7383.625
2018-10-10,7560.88
2018-10-09,7759.35
2018-10-08,7726.08
2018-10-05,7809.32
2018-10-04,7915.165
2018-10-03,8032.98
2018-10-02,8019.07
2018-10-01,8063.575
2018-09-28,8040.465
2018-09-27,8044.735
2018-09-26,8024.895
2018-09-25,7996.705
2018-09-24,7955.185
2018-09-21,8018.465
2018-09-20,8012.73
2018-09-19,7946.925
2018-09-18,7943.555
2018-09-17,7946.425
2018-09-14,8010.305
2018-09-13,8013.68
2018-09-12,7924.72
2018-09-11,7933.62
2018-09-10,7917.71
2018-09-07,7918.23
2018-09-06,7943.73
2018-09-05,8020.095
2018-09-04,8073.105
2018-08-31,8099.565
2018-08-30,8101.435
2018-08-29,8077.83
2018-08-28,8027.95
2018-08-27,8000.77
2018-08-24,7928.405
2018-08-23,7896.425
2018-08-22,7869.235
2018-08-21,7867.235
2018-08-20,7812.52
2018-08-17,7791.73
2018-08-16,7822.705
2018-08-15,7782.675
2018-08-14,7846.865
2018-08-13,7851.465
2018-08-10,7842.28
2018-08-09,7902.205
2018-08-08,7883.075
2018-08-07,7883.425
2018-08-06,7830.78
2018-08-03,7803.68
2018-08-02,7734.185
2018-08-01,7701.695
2018-07-31,7662.165
2018-07-30,7672.25
2018-07-27,7794.355
2018-07-26,7857.69
2018-07-25,7886.035
2018-07-24,7871.56
2018-07-23,7811.655
2018-07-20,7838.055
2018-07-19,7830.5
2018-07-18,7843.3
2018-07-17,7808.38
2018-07-16,7815.4
2018-07-13,7823.43
2018-07-12,7786.215
2018-07-11,7722.37
2018-07-10,7754.73
2018-07-09,7729.67
2018-07-06,7642.23
2018-07-05,7550.31
2018-07-03,7546.415
2018-07-02,7505.6
2018-06-29,7538.27
2018-06-28,7472.815
2018-06-27,7527.42
2018-06-26,7562.245
2018-06-25,7558.73
2018-06-22,7709.415
2018-06-21,7751.325
2018-06-20,7781.04
2018-06-19,7681.57
2018-06-18,7713.095
2018-06-15,7730.03
2018-06-14,7746.065
2018-06-13,7717.805
2018-06-12,7688.89
2018-06-11,7660.08
2018-06-08,7624.36
2018-06-07,7647.535
2018-06-06,7656.98
2018-06-05,7623.43
2018-06-04,7584.185
2018-06-01,7522.305
2018-05-31,7461.915
2018-05-30,7448.74
2018-05-29,7394.71
2018-05-25,7434.215
2018-05-24,7396.44
2018-05-23,7380.7
2018-05-22,7401.43
2018-05-21,7400.02
2018-05-18,7362.565
2018-05-17,7387.925
2018-05-16,7384.74
2018-05-15,7342.245
2018-05-14,7430.155
2018-05-11,7394.965
2018-05-10,7383.89
2018-05-09,7301.925
2018-05-08,7251.755
2018-05-07,7263.75
2018-05-04,7143.075
2018-05-03,7051.865
2018-05-02,7132.09
2018-05-01,7084.725
2018-04-30,7117.605
2018-04-27,7140.55
2018-04-26,7099.8
2018-04-25,6978.855
2018-04-24,7066.595
2018-04-23,7145.075
2018-04-20,7173.24
2018-04-19,7246.31
2018-04-18,7289.74
2018-04-17,7252.57
2018-04-16,7147.18
2018-04-13,7130.88
2018-04-12,7135.545
2018-04-11,7091.77
2018-04-10,7066.43
2018-04-09,7009.955
2018-04-06,6972.2
2018-04-05,7074.5
2018-04-04,6935.53
2018-04-03,6899.47
2018-04-02,6925.335
2018-03-29,7028.12
2018-03-28,6968.58
2018-03-27,7109.61
2018-03-26,7124.085
2018-03-23,7093.49
2018-03-22,7233.785
2018-03-21,7370.505
2018-03-20,7355.99
2018-03-19,7353.25
2018-03-16,7493.945
2018-03-15,7494.31
2018-03-14,7509.395
2018-03-13,7565.125
2018-03-12,7586.27
2018-03-09,7514.92
2018-03-08,7413.255
2018-03-07,7357.765
2018-03-06,7348.855
2018-03-05,7277.69
2018-03-02,7176.01
2018-03-01,7212.75
2018-02-28,7329.905
2018-02-27,7384.22
2018-02-26,7391.05
2018-02-23,7285.165
2018-02-22,7237.885
2018-02-21,7278.375
2018-02-20,7250.975
2018-02-16,7264.82
2018-02-15,7193.66
2018-02-14,7064.56
2018-02-13,6981.92
2018-02-12,6951.655
2018-02-09,6773.84
2018-02-08,6925.38
2018-02-07,7110.93
2018-02-06,6975.685
2018-02-05,7122.445
2018-02-02,7301.305
2018-02-01,7401.685
2018-01-31,7417.555
2018-01-30,7403.82
2018-01-29,7478.08
2018-01-26,7468.495
2018-01-25,7423.555
2018-01-24,7431.535
2018-01-23,7444.285
2018-01-22,7370.42
2018-01-19,7316.83
2018-01-18,7295
2018-01-17,7269.34
2018-01-16,7268.13
2018-01-12,7235.22
2018-01-11,7187.505
2018-01-10,7132.88
2018-01-09,7164.72
2018-01-08,7142.72
2018-01-05,7117.06
2018-01-04,7085.215
2018-01-03,7042.925
2018-01-02,6965.495
2017-12-29,6929.185
2017-12-28,6945.775
2017-12-27,6943.36
2017-12-26,6928.85
2017-12-22,6953.35
2017-12-21,6976.92
2017-12-20,6963.335
2017-12-19,6973.685
2017-12-18,6989.715
2017-12-15,6908.635
2017-12-14,6876.38
2017-12-13,6884.745
2017-12-12,6870.55
2017-12-11,6862.34
2017-12-08,6851.045
2017-12-07,6803.745
2017-12-06,6760.775
2017-12-05,6794.385
2017-12-04,6834.96
2017-12-01,6804.665
2017-11-30,6863.565
2017-11-29,6851.14
2017-11-28,6890.2
2017-11-27,6882.66
2017-11-24,6881.88
2017-11-22,6866.9
2017-11-21,6841.34
2017-11-20,6787.66
2017-11-17,6787.59
2017-11-16,6774.5
2017-11-15,6696.315
2017-11-14,6726.45
2017-11-13,6744.865
2017-11-10,6742.345
2017-11-09,6723.105
2017-11-08,6772.495
2017-11-07,6772.935
2017-11-06,6776.92
2017-11-03,6739.035
2017-11-02,6698.76
2017-11-01,6725.57
2017-10-31,6721.77
2017-10-30,6702.27
2017-10-27,6666.955
2017-10-26,6566.395
2017-10-25,6559.285
2017-10-24,6596.98
2017-10-23,6611.36
2017-10-20,6631.475
2017-10-19,6581.91
2017-10-18,6624.535
2017-10-17,6620.905
2017-10-16,6619.765
2017-10-13,6609.39
2017-10-12,6599.91
2017-10-11,6591.1
2017-10-10,6585.04
2017-10-09,6585.89
2017-10-06,6578.51
2017-10-05,6567.43
2017-10-04,6529.79
2017-10-03,6520.945
2017-10-02,6505.68
2017-09-29,6476.42
2017-09-28,6441.945
2017-09-27,6439.005
2017-09-26,6384.785
2017-09-25,6376.005
2017-09-22,6415.175
2017-09-21,6426.935
2017-09-20,6440.14
2017-09-19,6457.27
2017-09-18,6458.09
2017-09-15,6441.96
2017-09-14,6439.68
2017-09-13,6446.81
2017-09-12,6442.28
2017-09-11,6424.91
2017-09-08,6373.185
2017-09-07,6396.44
2017-09-06,6381.8
2017-09-05,6380.55
2017-09-01,6433.76
2017-08-31,6409.425
2017-08-30,6339.02
2017-08-29,6269.995
2017-08-28,6280.055
2017-08-25,6282.91
2017-08-24,6273.71
2017-08-23,6277.295
2017-08-22,6272.025
2017-08-21,6202.06
2017-08-18,6223.8
2017-08-17,6278.07
2017-08-16,6352.415
2017-08-15,6337.745
2017-08-14,6326.19
2017-08-11,6241.54
2017-08-10,6266.345
2017-08-09,6332.24
2017-08-08,6389.615
2017-08-07,6371.13
2017-08-04,6345.61
2017-08-03,6349.835
2017-08-02,6353.82
2017-08-01,6360.75
2017-07-31,6367.69
2017-07-28,6358.46
2017-07-27,6389.73
2017-07-26,6424.34
2017-07-25,6411.16
2017-07-24,6399.155
2017-07-21,6376.95
2017-07-20,6381.97
2017-07-19,6374.96
2017-07-18,6317.81
2017-07-17,6319.155
2017-07-14,6300.23
2017-07-13,6266.355
2017-07-12,6251.23
2017-07-11,6175.225
2017-07-10,6166.55
2017-07-07,6138.075
2017-07-06,6104.97
2017-07-05,6132.02
2017-07-03,6141.74
2017-06-30,6149.835
2017-06-29,6152.205
2017-06-28,6191.545
2017-06-27,6190.47
2017-06-26,6268.44
2017-06-23,6244.075
2017-06-22,6239.82
2017-06-21,6218.76
2017-06-20,6210.475
2017-06-19,6218.655
2017-06-16,6143.53
2017-06-15,6139
2017-06-14,6195.54
2017-06-13,6203.225
2017-06-12,6147.235
2017-06-09,6239.69
2017-06-08,6303.495
2017-06-07,6284.98
2017-06-06,6287.035
2017-06-05,6301.38
2017-06-02,6281.265
2017-06-01,6223.76
2017-05-31,6193.03
2017-05-30,6208.77
2017-05-26,6204.09
2017-05-25,6195.93
2017-05-24,6152.71
2017-05-23,6136.35
2017-05-22,6116.58
2017-05-19,6088.39
2017-05-18,6035.13
2017-05-17,6066.175
2017-05-16,6154.63
2017-05-15,6138.915
2017-05-12,6114.13
2017-05-11,6097.94
2017-05-10,6117.755
2017-05-09,6120.295
2017-05-08,6094.59
2017-05-05,6083.96
2017-05-04,6067.575
2017-05-03,6065.12
2017-05-02,6092.14
2017-05-01,6081.04
2017-04-28,6057.375
2017-04-27,6041.145
2017-04-26,6031.305
2017-04-25,6019.335
2017-04-24,5980.085
2017-04-21,5909.33
2017-04-20,5903.215
2017-04-19,5875.505
2017-04-18,5844.305
2017-04-17,5837.495
2017-04-13,5830.845
2017-04-12,5849.265
2017-04-11,5849.115
2017-04-10,5886.705
2017-04-07,5873.79
2017-04-06,5872.9
2017-04-05,5896.325
2017-04-04,5890.075
2017-04-03,5898.33
2017-03-31,5914.79
2017-03-30,5905.385
2017-03-29,5885.9
2017-03-28,5858.78
2017-03-27,5809.295
2017-03-24,5833.39
2017-03-23,5824.9
2017-03-22,5803.735
2017-03-21,5859.395
2017-03-20,5901.62
2017-03-17,5901.515
2017-03-16,5899.36
2017-03-15,5884.68
2017-03-14,5846.19
2017-03-13,5869.13
2017-03-10,5854.02
2017-03-09,5832.31
2017-03-08,5846.63
2017-03-07,5843.045
2017-03-06,5842.6
2017-03-03,5856.11
2017-03-02,5876.655
2017-03-01,5888.79
2017-02-28,5836.145
2017-02-27,5844.45
2017-02-24,5822.93
2017-02-23,5838.255
2017-02-22,5856.345
2017-02-21,5857.695
2017-02-17,5819.69
2017-02-16,5815.93
2017-02-15,5799.325
2017-02-14,5765.915
2017-02-13,5761.455
2017-02-10,5730.425
2017-02-09,5703.93
2017-02-08,5668.175
2017-02-07,5677.21
2017-02-06,5659.23
2017-02-03,5657.21
2017-02-02,5636.205
2017-02-01,5641.57
2017-01-31,5595.62
2017-01-30,5607.425
2017-01-27,5655.675
2017-01-26,5658.63
2017-01-25,5646.46
2017-01-24,5582.51
2017-01-23,5543.415
2017-01-20,5558.29
2017-01-19,5549.95
2017-01-18,5545.375
2017-01-17,5542.135
2017-01-13,5570.73
2017-01-12,5523.745
2017-01-11,5544.055
2017-01-10,5546.18
2017-01-09,5529.11
2017-01-06,5509.665
2017-01-05,5480.105
2017-01-04,5461.295
2017-01-03,5425.28
2016-12-30,5406.895
2016-12-29,5432.905
2016-12-28,5466.805
2016-12-27,5490.99
2016-12-23,5452.225
2016-12-22,5452.39
2016-12-21,5475.785
2016-12-20,5480.59
2016-12-19,5459.98
2016-12-16,5450.295
2016-12-15,5462.255
2016-12-14,5450.99
2016-12-13,5458.735
2016-12-12,5414.66
2016-12-09,5438.64
2016-12-08,5407.31
2016-12-07,5352.62
2016-12-06,5316.965
2016-12-05,5295.33
2016-12-02,5256.905
2016-12-01,5282.275
2016-11-30,5358.415
2016-11-29,5382.21
2016-11-28,5380.59
2016-11-25,5389.1
2016-11-23,5365.68
2016-11-22,5378.93
2016-11-21,5351.995
2016-11-18,5331.165
2016-11-17,5311.105
2016-11-16,5275.755
2016-11-15,5261.655
2016-11-14,5219.605
2016-11-11,5210.36
2016-11-10,5224
2016-11-09,5201.425
2016-11-08,5179.735
2016-11-07,5146.09
2016-11-04,5060.96
2016-11-03,5084.29
2016-11-02,5127.13
2016-11-01,5156.725
2016-10-31,5196.63
2016-10-28,5205.555
2016-10-27,5242.935
2016-10-26,5258.95
2016-10-25,5294.42
2016-10-24,5300.365
2016-10-21,5242.445
2016-10-20,5234.07
2016-10-19,5244.04
2016-10-18,5251.855
2016-10-17,5208.005
2016-10-14,5236.125
2016-10-13,5199.01
2016-10-12,5242.975
2016-10-11,5274.625
2016-10-10,5329.125
2016-10-07,5291.225
2016-10-06,5298.6
2016-10-05,5317.435
2016-10-04,5297.65
2016-10-03,5295.275
2016-09-30,5301.88
2016-09-29,5285.76
2016-09-28,5302.73
2016-09-27,5279.065
2016-09-26,5268.615
2016-09-23,5315.67
2016-09-22,5331.905
2016-09-21,5266.67
2016-09-20,5250.3
2016-09-19,5251.99
2016-09-16,5233.785
2016-09-15,5215.515
2016-09-14,5180.445
2016-09-13,5163.15
2016-09-12,5157.84
2016-09-09,5175.92
2016-09-08,5259.71
2016-09-07,5274.765
2016-09-06,5259.955
2016-09-02,5247.205
2016-09-01,5209.65
2016-08-31,5205.535
2016-08-30,5223.615
2016-08-29,5233.73
2016-08-26,5222.625
2016-08-25,5216.115
2016-08-24,5234.315
2016-08-23,5266.82
2016-08-22,5238.38
2016-08-19,5231.73
2016-08-18,5232.505
2016-08-17,5213.66
2016-08-16,5237.52
2016-08-15,5256.25
2016-08-12,5224.44
2016-08-11,5223.27
2016-08-10,5210.88
2016-08-09,5226.745
2016-08-08,5215.29
2016-08-05,5206.74
2016-08-04,5159.695
2016-08-03,5144.09
2016-08-02,5145.41
2016-08-01,5179.03
2016-07-29,5157.93
2016-07-28,5145.455
2016-07-27,5135.86
2016-07-26,5103.24
2016-07-25,5091.69
2016-07-22,5083.815
2016-07-21,5081.945
2016-07-20,5076.085
2016-07-19,5040.24
2016-07-18,5046.83
2016-07-15,5031.665
2016-07-14,5035.165
2016-07-13,5019.6
2016-07-12,5020.89
2016-07-11,4989.52
2016-07-08,4930.135
2016-07-07,4871.345
2016-07-06,4823.53
2016-07-05,4818.21
2016-07-01,4858.67
2016-06-30,4808.815
2016-06-29,4759.965
2016-06-28,4668.455
2016-06-27,4619.645
2016-06-24,4748.32
2016-06-23,4884.72
2016-06-22,4852.965
2016-06-21,4839.39
2016-06-20,4858.33
2016-06-17,4813.68
2016-06-16,4813.32
2016-06-15,4849.245
2016-06-14,4837.47
2016-06-13,4869.895
2016-06-10,4899.265
2016-06-09,4953.02
2016-06-08,4968.225
2016-06-07,4969.83
2016-06-06,4962.505
2016-06-03,4933.93
2016-06-02,4947.795
2016-06-01,4941.09
2016-05-31,4937.24
2016-05-27,4918
2016-05-26,4898.325
2016-05-25,4888.935
2016-05-24,4829.31
2016-05-23,4778.275
2016-05-20,4755.35
2016-05-19,4706.825
2016-05-18,4733.385
2016-05-17,4739.77
2016-05-16,4757.99
2016-05-13,4733.775
2016-05-12,4744.815
2016-05-11,4786.275
2016-05-10,4784.75
2016-05-09,4753.5
2016-05-06,4710.22
2016-05-05,4727.15
2016-05-04,4732.775
2016-05-03,4770.57
2016-05-02,4794.925
2016-04-29,4774.365
2016-04-28,4842.74
2016-04-27,4849.645
2016-04-26,4895.21
2016-04-25,4891.62
2016-04-22,4896.84
2016-04-21,4949.625
2016-04-20,4948.805
2016-04-19,4942.095
2016-04-18,4938.21
2016-04-15,4937.945
2016-04-14,4946.555
2016-04-13,4927.755
2016-04-12,4844.255
2016-04-11,4865.475
2016-04-08,4863.98
2016-04-07,4866.49
2016-04-06,4885.395
2016-04-05,4855.66
2016-04-04,4901.46
2016-04-01,4874.575
2016-03-31,4877.855
2016-03-30,4879.245
2016-03-29,4799.545
2016-03-28,4773.7
2016-03-24,4754.135
2016-03-23,4791.02
2016-03-22,4808.655
2016-03-21,4800.115
2016-03-18,4788.495
2016-03-17,4763.03
2016-03-16,4745.615
2016-03-15,4723.67
2016-03-14,4746.89
2016-03-11,4724.85
2016-03-10,4662.065
2016-03-09,4659.445
2016-03-08,4668.95
2016-03-07,4703.005
2016-03-04,4717.295
2016-03-03,4691.09
2016-03-02,4684.755
2016-03-01,4635.675
2016-02-29,4588.68
2016-02-26,4599.815
2016-02-25,4549.545
2016-02-24,4486.68
2016-02-23,4529.5
2016-02-22,4561.51
2016-02-19,4484.125
2016-02-18,4515.62
2016-02-17,4502.145
2016-02-16,4406.24
2016-02-12,4307.14
2016-02-11,4251.49
2016-02-10,4325.175
2016-02-09,4276.045
2016-02-08,4257.17
2016-02-05,4421.78
2016-02-04,4504.755
2016-02-03,4485.895
2016-02-02,4546.51
2016-02-01,4601.15
2016-01-29,4562.625
2016-01-28,4490.655
2016-01-27,4509.84
2016-01-26,4543.37
2016-01-25,4552.61
2016-01-22,4565.725
2016-01-21,4484.585
2016-01-20,4414.155
2016-01-19,4490.67
2016-01-15,4469.93
2016-01-14,4560.57
2016-01-13,4615.77
2016-01-12,4666.415
2016-01-11,4628.4
2016-01-08,4690.21
2016-01-07,4738.095
2016-01-06,4835.365
2016-01-05,4899.735
2016-01-04,4875.035
2015-12-31,5032.535
2015-12-30,5084.015
2015-12-29,5091.44
2015-12-28,5020.17
2015-12-25,0
2015-12-24,5053.465
2015-12-23,5033.265
2015-12-22,4985.925
2015-12-21,4948.925
2015-12-18,4958.91
2015-12-17,5045.565
2015-12-16,5035.81
2015-12-15,5006.765
2015-12-14,4912.595
2015-12-11,4962.43
2015-12-10,5047.48
2015-12-09,5053.245
2015-12-08,5078.73
2015-12-07,5111.005
2015-12-04,5095.245
2015-12-03,5078.16
2015-12-02,5146.96
2015-12-01,5138.24
2015-11-30,5120.03
2015-11-27,5121.43
2015-11-26,0
2015-11-25,5112.635
2015-11-24,5080.445
2015-11-23,5106.465
2015-11-20,5103.39
2015-11-19,5079.865
2015-11-18,5040.235
2015-11-17,4999.595
2015-11-16,4946.785
2015-11-13,4957.205
2015-11-12,5033.475
2015-11-11,5088.935
2015-11-10,5069.05
2015-11-09,5099.77
2015-11-06,5119.995
2015-11-05,5126.675
2015-11-04,5142.675
2015-11-03,5136.575
2015-11-02,5095.99
2015-10-30,5069.485
2015-10-29,5075.76
2015-10-28,5057.645
2015-10-27,5024.575
2015-10-26,5028.95
2015-10-23,5024.045
2015-10-22,4894.395
2015-10-21,4870.655
2015-10-20,4887.985
2015-10-19,4890.66
2015-10-16,4869.115
2015-10-15,4832.695
2015-10-14,4795.855
2015-10-13,4826.1
2015-10-12,4832.455
2015-10-09,4822.985
2015-10-08,4778.5
2015-10-07,4759.93
2015-10-06,4747.58
2015-10-05,4763.075
2015-10-02,4630.06
2015-10-01,4593.72
2015-09-30,4589.67
2015-09-29,4541.56
2015-09-28,4597.31
2015-09-25,4722.35
2015-09-24,4708.165
2015-09-23,4757.885
2015-09-22,4746.595
2015-09-21,4838.685
2015-09-18,4848.9
2015-09-17,4920.685
2015-09-16,4870.795
2015-09-15,4837.22
2015-09-14,4811.54
2015-09-11,4792.745
2015-09-10,4786.425
2015-09-09,4804.805
2015-09-08,4784.965
2015-09-07,0
2015-09-04,4685.245
2015-09-03,4761.045
2015-09-02,4704.695
2015-09-01,4668.52
2015-08-31,4794.015
2015-08-28,4812.58
2015-08-27,4770.25
2015-08-26,4617
2015-08-25,4597.82
2015-08-24,4493.52
2015-08-21,4781.395
2015-08-20,4932
2015-08-19,5026.89
2015-08-18,5070.055
2015-08-17,5057.555
2015-08-14,5032.25
2015-08-13,5050.535
2015-08-12,5000.77
2015-08-11,5051.39
2015-08-10,5096.79
2015-08-07,5030.855
2015-08-06,5092.67
2015-08-05,5153.56
2015-08-04,5109.18
2015-08-03,5112.7
2015-07-31,5138.695
2015-07-30,5103.135
2015-07-29,5098.94
2015-07-28,5061.65
2015-07-27,5052.785
2015-07-24,5126.025
2015-07-23,5167.32
2015-07-22,5165.26
2015-07-21,5212.65
2015-07-20,5216.715
2015-07-17,5196.695
2015-07-16,5145.87
2015-07-15,5106.72
2015-07-14,5095.82
2015-07-13,5055.745
2015-07-10,4987.28
2015-07-09,4951.295
2015-07-08,4933.48
2015-07-07,4952.1
2015-07-06,4990.82
2015-07-03,0
2015-07-02,5009.105
2015-07-01,5016.505
2015-06-30,4988.51
2015-06-29,5003.62
2015-06-26,5091.145
2015-06-25,5121.935
2015-06-24,5143
2015-06-23,5151.37
2015-06-22,5152.455
2015-06-19,5127.055
2015-06-18,5112.675
2015-06-17,5061.18
2015-06-16,5042.81
2015-06-15,5010.655
2015-06-12,5055.6
2015-06-11,5088.22
2015-06-10,5055.415
2015-06-09,5000.82
2015-06-08,5041.53
2015-06-05,5050.25
2015-06-04,5073.7
2015-06-03,5099.795
2015-06-02,5073.685
2015-06-01,5072.34
2015-05-29,5078.495
2015-05-28,5093.45
2015-05-27,5075.455
2015-05-26,5048.955
2015-05-25,0
2015-05-22,5094.515
2015-05-21,5080.37
2015-05-20,5073.865
2015-05-19,5075.075
2015-05-18,5061.02
2015-05-15,5048.745
2015-05-14,5025.685
2015-05-13,4995.23
2015-05-12,4963.55
2015-05-11,5004.7
2015-05-08,5001.795
2015-05-07,4935.825
2015-05-06,4926.635
2015-05-05,4971.305
2015-05-04,5028.32
2015-05-01,4984.065
2015-04-30,4968.755
2015-04-29,5026.835
2015-04-28,5040.79
2015-04-27,5086.685
2015-04-24,5090.79
2015-04-23,5046.19
2015-04-22,5016.635
2015-04-21,5018.865
2015-04-20,4976.44
2015-04-17,4943.21
2015-04-16,5006
2015-04-15,5005.215
2015-04-14,4974.415
2015-04-13,5005.105
2015-04-10,4983.05
2015-04-09,4952.02
2015-04-08,4935.435
2015-04-07,4929.325
2015-04-06,4891.265
2015-04-03,0
2015-04-02,4887.145
2015-04-01,4871.885
2015-03-31,4920.09
2015-03-30,4934.79
2015-03-27,4879.46
2015-03-26,4857.57
2015-03-25,4941.64
2015-03-24,5013.52
2015-03-23,5021.18
2015-03-20,5031.105
2015-03-19,4989.98
2015-03-18,4954.645
2015-03-17,4925.965
2015-03-16,4909.515
2015-03-13,4873.635
2015-03-12,4874.5
2015-03-11,4861.44
2015-03-10,4881.615
2015-03-09,4935.645
2015-03-06,4950.78
2015-03-05,4978.31
2015-03-04,4956.11
2015-03-03,4976.365
2015-03-02,4990.29
2015-02-27,4975.06
2015-02-26,4972.31
2015-02-25,4970.12
2015-02-24,4958.16
2015-02-23,4950.265
2015-02-20,4931.305
2015-02-19,4915.08
2015-02-18,4896.55
2015-02-17,4891.265
2015-02-16,0
2015-02-13,4876.98
2015-02-12,4840.59
2015-02-11,4795.245
2015-02-10,4765.195
2015-02-09,4734.54
2015-02-06,4759.2
2015-02-05,4745.09
2015-02-04,4721.06
2015-02-03,4699.28
2015-02-02,4628.575
2015-01-30,4667.455
2015-01-29,4645.085
2015-01-28,4689.77
2015-01-27,4690.85
2015-01-26,4754.19
2015-01-23,4754.565
2015-01-22,4698.585
2015-01-21,4661.025
2015-01-20,4633.375
2015-01-19,0
2015-01-16,4599.465
2015-01-15,4615.675
2015-01-14,4625.675
2015-01-13,4687.81
2015-01-12,4683.23
2015-01-09,4712.975
2015-01-08,4714.7
2015-01-07,4633.31
2015-01-06,4617.46
2015-01-05,4672.115
2015-01-02,4737.56
2015-01-01,0
2014-12-31,4770.27
2014-12-30,4788.385
2014-12-29,4806.31
2014-12-26,4801.4
2014-12-25,0
2014-12-24,4778.12
2014-12-23,4779.725
2014-12-22,4769.865
2014-12-19,4760.21
2014-12-18,4722.745
2014-12-17,4601.3
2014-12-16,4596.25
2014-12-15,4641.505
2014-12-12,4680.76
2014-12-11,4729.65
2014-12-10,4722.94
2014-12-09,4721.395
2014-12-08,4758.075
2014-12-05,4779.31
2014-12-04,4769.56
2014-12-03,4763.255
2014-12-02,4745.695
2014-12-01,4753.345
2014-11-28,4798.79
2014-11-27,0
2014-11-26,4772.745
2014-11-25,4762.22
2014-11-24,4739.32
2014-11-21,4726.165
2014-11-20,4678.15
2014-11-19,4675.96
2014-11-18,4692.065
2014-11-17,4672.36
2014-11-14,4676.52
2014-11-13,4683.69
2014-11-12,4661.18
2014-11-11,4650.73
2014-11-10,4639.935
2014-11-07,4622.805
2014-11-06,4621.965
2014-11-05,4629.06
2014-11-04,4615.435
2014-11-03,4640.8
2014-10-31,4629.045
2014-10-30,4548.645
2014-10-29,4540.73
2014-10-28,4534.7
2014-10-27,4469.945
2014-10-24,4466.055
2014-10-23,4448.555
2014-10-22,4408.57
2014-10-21,4387.79
2014-10-20,4282.545
2014-10-17,4268.89
2014-10-16,4188.83
2014-10-15,4174.07
2014-10-14,4247.08
2014-10-13,4258.345
2014-10-10,4328.375
2014-10-09,4420.705
2014-10-08,4414.535
2014-10-07,4413.455
2014-10-06,4470.18
2014-10-03,4466.895
2014-10-02,4404.845
2014-10-01,4448.045
2014-09-30,4502.985
2014-09-29,4489.84
2014-09-26,4495.615
2014-09-25,4506.785
2014-09-24,4528.7
2014-09-23,4522.225
2014-09-22,4540.995
2014-09-19,4587.005
2014-09-18,4583.3
2014-09-17,4560.88
2014-09-16,4529.055
2014-09-15,4537.1
2014-09-12,4572.88
2014-09-11,4575.78
2014-09-10,4565.97
2014-09-09,4571.735
2014-09-08,4585.315
2014-09-05,4562.87
2014-09-04,4578.23
2014-09-03,4587.76
2014-09-02,4587.72
2014-09-01,0
2014-08-29,4567.025
2014-08-28,4556.29
2014-08-27,4568.82
2014-08-26,4566.185
2014-08-25,4559.46
2014-08-22,4534.505
2014-08-21,4523.905
2014-08-20,4524.37
2014-08-19,4521.415
2014-08-18,4497.8
2014-08-15,4454.8
2014-08-14,4443.47
2014-08-13,4418.975
2014-08-12,4389.46
2014-08-11,4399.965
2014-08-08,4350.495
2014-08-07,4350.795
2014-08-06,4352.015
2014-08-05,4358.3
2014-08-04,4369.205
2014-08-01,4354.535
2014-07-31,4398.975
2014-07-30,4460.285
2014-07-29,4456
2014-07-28,4434.65
2014-07-25,4444.19
2014-07-24,4475.715
2014-07-23,4469.335
2014-07-22,4453.74
2014-07-21,4418.465
2014-07-18,4406.325
2014-07-17,4388.81
2014-07-16,4434.29
2014-07-15,4420.81
2014-07-14,4442.275
2014-07-11,4403.225
2014-07-10,4383.445
2014-07-09,4404.97
2014-07-08,4407.8
2014-07-07,4462.81
2014-07-04,0
2014-07-03,4474.89
2014-07-02,4458.895
2014-07-01,4448.01
2014-06-30,4407.025
2014-06-27,4385.225
2014-06-26,4363.625
2014-06-25,4361.48
2014-06-24,4371.385
2014-06-23,4365.245
2014-06-20,4361.415
2014-06-19,4355.895
2014-06-18,4342.82
2014-06-17,4328.635
2014-06-16,4311.575
2014-06-13,4303.04
2014-06-12,4306.44
2014-06-11,4326.85
2014-06-10,4329.4
2014-06-09,4333.51
2014-06-06,4314.125
2014-06-05,4270.59
2014-06-04,4236.21
2014-06-03,4228.075
2014-06-02,4227.785
2014-05-30,4237.015
2014-05-29,4238.455
2014-05-28,4227.53
2014-05-27,4220.895
2014-05-26,0
2014-05-23,4167.44
2014-05-22,4148.16
2014-05-21,4118.61
2014-05-20,4102.735
2014-05-19,4102.085
2014-05-16,4067.715
2014-05-15,4067.105
2014-05-14,4113.08
2014-05-13,4141.57
2014-05-12,4119.315
2014-05-09,4048.555
2014-05-08,4074.555
2014-05-07,4056.04
2014-05-06,4106.61
2014-05-05,4112.345
2014-05-02,4130.475
2014-05-01,4127.585
2014-04-30,4093.38
2014-04-29,4090.845
2014-04-28,4062.88
2014-04-25,4097.54
2014-04-24,4142.34
2014-04-23,4143.425
2014-04-22,4151.165
2014-04-21,4101.73
2014-04-18,0
2014-04-17,4087.58
2014-04-16,4062.545
2014-04-15,4000.415
2014-04-14,4018.645
2014-04-11,4029.425
2014-04-10,4112.685
2014-04-09,4153.18
2014-04-08,4093.175
2014-04-07,4092.91
2014-04-04,4192.885
2014-04-03,4250.625
2014-04-02,4272.475
2014-04-01,4243.485
2014-03-31,4196.755
2014-03-28,4174.09
2014-03-27,4158.97
2014-03-26,4218.325
2014-03-25,4238.98
2014-03-24,4240.05
2014-03-21,4306.365
2014-03-20,4308.51
2014-03-19,4308.92
2014-03-18,4309.385
2014-03-17,4287.145
2014-03-14,4257.14
2014-03-13,4291.42
2014-03-12,4296.775
2014-03-11,4324.95
2014-03-10,4323.885
2014-03-07,4345.27
2014-03-06,4356.355
2014-03-05,4353.325
2014-03-04,4342.375
2014-03-03,4261.9
2014-02-28,4309.1
2014-02-27,4303.62
2014-02-26,4297.68
2014-02-25,4291.655
2014-02-24,4291.615
2014-02-21,4273.24
2014-02-20,4249.545
2014-02-19,4253.335
2014-02-18,4260.445
2014-02-17,0
2014-02-14,4238.33
2014-02-13,4205.57
2014-02-12,4201.5
2014-02-11,4175.805
2014-02-10,4135.455
2014-02-07,4098.22
2014-02-06,4043.115
2014-02-05,3997.235
2014-02-04,4024.39
2014-02-03,4051.75
2014-01-31,4096.265
2014-01-30,4115.005
2014-01-29,4068.015
2014-01-28,4083.75
2014-01-27,4094.545
2014-01-24,4163.05
2014-01-23,4208.36
2014-01-22,4236.035
2014-01-21,4210.55
2014-01-20,0
2014-01-17,4202.275
2014-01-16,4211.715
2014-01-15,4207.385
2014-01-14,4154.825
2014-01-13,4138.73
2014-01-10,4158.445
2014-01-09,4162.72
2014-01-08,4158.375
2014-01-07,4142.33
2014-01-06,4121.765
2014-01-03,4138.96
2014-01-02,4146.375
2014-01-01,0
2013-12-31,4169.25
2013-12-30,4150.455
2013-12-27,4164.5
2013-12-26,4164.28
2013-12-25,0
2013-12-24,4151.385
2013-12-23,4138.51
2013-12-20,4088.33
2013-12-19,4054.555
2013-12-18,4024.985
2013-12-17,4023.135
2013-12-16,4031.07
2013-12-13,4004.87
2013-12-12,4003.555
2013-12-11,4032
2013-12-10,4065.25
2013-12-09,4072.64
2013-12-06,4056.105
2013-12-05,4034.485
2013-12-04,4028.245
2013-12-03,4036.1
2013-12-02,4054.685
2013-11-29,4062.575
2013-11-28,0
2013-11-27,4034.73
2013-11-26,4008.24
2013-11-25,3997.125
2013-11-22,3982.33
2013-11-21,3953.865
2013-11-20,3931.845
2013-11-19,3941.955
2013-11-18,3968.91
2013-11-15,3977.595
2013-11-14,3962.45
2013-11-13,3932.445
2013-11-12,3912.47
2013-11-11,3915.03
2013-11-08,3918.675
2013-11-07,3896.7
2013-11-06,3938.44
2013-11-05,3928.45
2013-11-04,3928.48
2013-11-01,3921.34
2013-10-31,3927.15
2013-10-30,3942.92
2013-10-29,3946.03
2013-10-28,3937.335
2013-10-25,3944.3
2013-10-24,3920.07
2013-10-23,3899.65
2013-10-22,3925.865
2013-10-21,3920.68
2013-10-18,3898.495
2013-10-17,3842.46
2013-10-16,3827.315
2013-10-15,3807.06
2013-10-14,3791.345
2013-10-11,3772.875
2013-10-10,3742.915
2013-10-09,3676.09
2013-10-08,3733.32
2013-10-07,3784.915
2013-10-04,3793.13
2013-10-03,3785.065
2013-10-02,3803.865
2013-10-01,3796.08
2013-09-30,3757.855
2013-09-27,3775.51
2013-09-26,3784.26
2013-09-25,3768.93
2013-09-24,3771.445
2013-09-23,3766.34
2013-09-20,3786.44
2013-09-19,3789.87
2013-09-18,3764.195
2013-09-17,3735.67
2013-09-16,3734.355
2013-09-13,3713.305
2013-09-12,3722.46
2013-09-11,3715.405
2013-09-10,3722.91
2013-09-09,3691.77
2013-09-06,3647.92
2013-09-05,3658.09
2013-09-04,3632
2013-09-03,3615.34
2013-09-02,0
2013-08-30,3601.415
2013-08-29,3611.455
2013-08-28,3593.08
2013-08-27,3601.76
2013-08-26,3668.24
2013-08-23,3652.26
2013-08-22,3626.57
2013-08-21,3609.625
2013-08-20,3609.205
2013-08-19,3606.255
2013-08-16,3610.055
2013-08-15,3613.865
2013-08-14,3677.645
2013-08-13,3669.94
2013-08-12,3659.45
2013-08-09,3663.76
2013-08-08,3662.675
2013-08-07,3648.395
2013-08-06,3672.495
2013-08-05,3687.765
2013-08-02,3676.735
2013-08-01,3666.12
2013-07-31,3637.06
2013-07-30,3617.725
2013-07-29,3605.83
2013-07-26,3597.295
2013-07-25,3592.695
2013-07-24,3589.905
2013-07-23,3591.83
2013-07-22,3594.69
2013-07-19,3583.81
2013-07-18,3615.815
2013-07-17,3608.24
2013-07-16,3600.5
2013-07-15,3600.565
2013-07-12,3588.325
2013-07-11,3565.905
2013-07-10,3512.495
2013-07-09,3496.8
2013-07-08,3485.45
2013-07-05,3460.62
2013-07-04,0
2013-07-03,3436.65
2013-07-02,3434.26
2013-07-01,3442.37
2013-06-28,3402.475
2013-06-27,3404.1
2013-06-26,3374.59
2013-06-25,3343
2013-06-24,3319.805
2013-06-21,3352.08
2013-06-20,3384.435
2013-06-19,3464.325
2013-06-18,3472.2
2013-06-17,3452.45
2013-06-14,3433.86
2013-06-13,3419.32
2013-06-12,3427.545
2013-06-11,3446.57
2013-06-10,3475.175
2013-06-07,3450.58
2013-06-06,3401.145
2013-06-05,3422.03
2013-06-04,3456.385
2013-06-03,3442.615
2013-05-31,3478.255
2013-05-30,3488.43
2013-05-29,3464.965
2013-05-28,3495.095
2013-05-27,0
2013-05-24,3444.39
2013-05-23,3444.82
2013-05-22,3489.5
2013-05-21,3499.515
2013-05-20,3498.77
2013-05-17,3486.12
2013-05-16,3474.095
2013-05-15,3463.895
2013-05-14,3454.195
2013-05-13,3436.885
2013-05-10,3424.095
2013-05-09,3415.985
2013-05-08,3401.535
2013-05-07,3391.64
2013-05-06,3388.825
2013-05-03,3379.21
2013-05-02,3325.355
2013-05-01,3313.265
2013-04-30,3313.685
2013-04-29,3302.38
2013-04-26,3277.755
2013-04-25,3290.285
2013-04-24,3266.28
2013-04-23,3258.705
2013-04-22,3219.95
2013-04-19,3189.18
2013-04-18,3183.965
2013-04-17,3211.53
2013-04-16,3248.645
2013-04-15,3248.43
2013-04-12,3283.76
2013-04-11,3297.345
2013-04-10,3272.48
2013-04-09,3232.485
2013-04-08,3208.915
2013-04-05,3187.545
2013-04-04,3216.13
2013-04-03,3235.27
2013-04-02,3256.67
2013-04-01,3250.4
2013-03-29,0
2013-03-28,3261.755
2013-03-27,3242.64
2013-03-26,3246.425
2013-03-25,3243.055
2013-03-22,3239.4
2013-03-21,3226.63
2013-03-20,3249.445
2013-03-19,3229.01
2013-03-18,3230.235
2013-03-15,3251.635
2013-03-14,3254.585
2013-03-13,3241.035
2013-03-12,3239.85
2013-03-11,3243.27
2013-03-08,3238.295
2013-03-07,3228.285
2013-03-06,3225.555
2013-03-05,3213.79
2013-03-04,3168.53
2013-03-01,3150.45
2013-02-28,3171.16
2013-02-27,3152.535
2013-02-26,3120.465
2013-02-25,3151.25
2013-02-22,3150.685
2013-02-21,3136.905
2013-02-20,3188.6
2013-02-19,3204.26
2013-02-18,0
2013-02-15,3195.12
2013-02-14,3192.36
2013-02-13,3196.29
2013-02-12,3190.88
2013-02-11,3188.1
2013-02-08,3187.035
2013-02-07,3153.2
2013-02-06,3166.085
2013-02-05,3157.67
2013-02-04,3150.1
2013-02-01,3169.025
2013-01-31,3145.5
2013-01-30,3149.945
2013-01-29,3145.025
2013-01-28,3153.36
2013-01-25,3146.03
2013-01-24,3139.005
2013-01-23,3155.4
2013-01-22,3132.36
2013-01-21,0
2013-01-18,3126.965
2013-01-17,3134.92
2013-01-16,3115.72
2013-01-15,3102.805
2013-01-14,3113.78
2013-01-11,3120.345
2013-01-10,3113.095
2013-01-09,3103.78
2013-01-08,3089.995
2013-01-07,3093.115
2013-01-04,3099.625
2013-01-03,3105.23
2013-01-02,3098.07
2013-01-01,0
2012-12-31,2987.465
2012-12-28,2972.42
2012-12-27,2972.35
2012-12-26,3001
2012-12-25,0
2012-12-24,3012.355
2012-12-21,3008.66
2012-12-20,3043.84
2012-12-19,3053.09
2012-12-18,3036.525
2012-12-17,2992.38
2012-12-14,2974.565
2012-12-13,3004.57
2012-12-12,3021.84
2012-12-11,3018.48
2012-12-10,2984.6
2012-12-07,2986.045
2012-12-06,2979.275
2012-12-05,2976.495
2012-12-04,2991.915
2012-12-03,3014.925
2012-11-30,3006.985
2012-11-29,3006.74
2012-11-28,2964.025
2012-11-27,2975.225
2012-11-26,2964.33
2012-11-23,2953.935
2012-11-22,0
2012-11-21,2920.295
2012-11-20,2906.67
2012-11-19,2900.41
2012-11-16,2835.185
2012-11-15,2841.195
2012-11-14,2871.48
2012-11-13,2893.03
2012-11-12,2908.28
2012-11-09,2910.46
2012-11-08,2922.64
2012-11-07,2952.3
2012-11-06,3011.685
2012-11-05,2990.36
2012-11-02,3007.77
2012-11-01,3003.08
2012-10-31,2977.32
2012-10-30,0
2012-10-29,0
2012-10-26,2980.15
2012-10-25,2991.845
2012-10-24,2995.84
2012-10-23,2990.33
2012-10-22,3008.195
2012-10-19,3033.415
2012-10-18,3083.9
